Product title,Regular product price,Discounted product price,Shopping cart ID,Link for the product
Acer A315-23-A7KD,17.590 ден,0 ден,?add-to-cart=21494,https://clevershop.mk/product/acer-a315-23-a7kd/
Acer A315-23-R5P2,27.490 ден,0 ден,?add-to-cart=21510,https://clevershop.mk/product/acer-a315-23-r5p2/
ACER Aspire 1 A115-22,18.999 ден,15.999 ден.,?add-to-cart=20826,https://clevershop.mk/product/acer-aspire-1-nx-a7pex-001/
Acer Aspire 3 A315-23-R26A,29.990 ден,0 ден,?add-to-cart=21516,https://clevershop.mk/product/acer-aspire-3-a315-23-r26a/
Acer Aspire 3 A315-58-33WK,24.490 ден,0 ден,?add-to-cart=21498,https://clevershop.mk/product/21498/
Acer Aspire 3 A315-58-33WK,25.990 ден,0 ден,?add-to-cart=21506,https://clevershop.mk/product/acer-aspire-3-a315-58-33wk/
ACER Aspire 5 (A515-56-35KA),23.990 ден,0 ден,?add-to-cart=21693,https://clevershop.mk/product/acer-aspire-5-a515-56-35ka/
ACER ASPIRE 5 A515-45,29.990 ден,0 ден,?add-to-cart=21523,https://clevershop.mk/product/acer-aspire-5-a515-45/
Acer Aspire 5 A515-45-R07Y Silver,24.990 ден,0 ден,?add-to-cart=21501,https://clevershop.mk/product/acer-aspire-5-a515-45-r07y-silver/
Acer Aspire 5 A515-45-R1FG,36.990 ден,0 ден,?add-to-cart=18324,https://clevershop.mk/product/acer-aspire-5-a515-45-r1fgnx-a7yex-005/
Acer Aspire 5 A515-56,42.490 ден,0 ден,?add-to-cart=18498,https://clevershop.mk/product/acer-aspire-5-a515-56-nx-a1eex-001/
Acer Aspire 5 A515-56-3456 Silver,23.990 ден,0 ден,?add-to-cart=21690,https://clevershop.mk/product/acer-aspire-5-a515-56-3456-silver/
"ACER Aspire 7 (A715-41G-R24S), Black",42.990 ден,0 ден,?add-to-cart=21695,https://clevershop.mk/product/acer-aspire-7-a715-41g-r24s-black/
Acer Aspire 7 A715-42G-R16C,54.490 ден,48.490 ден.,?add-to-cart=18506,https://clevershop.mk/product/acer-aspire-7-a715-42g-r16c-nh-qe5ex-003/
ACER ED270RPBIIPX 27′ LED VA FHD,14.490 ден,0 ден,?add-to-cart=21728,https://clevershop.mk/product/acer-ed270rpbiipx-27-led-va-fhd/
ACER ED273BBMIIX 27′ LED VA FHD,11.990 ден,0 ден,?add-to-cart=21734,https://clevershop.mk/product/acer-ed273bbmiix-27-led-va-fhd/
ACER ED323QURABIDPX 32” LED VA WQHD,20.990 ден,0 ден,?add-to-cart=21737,https://clevershop.mk/product/acer-ed323qurabidpx-32-led-va-wqhd/
ACER K272HLEbid 27” LED VA FHD,9.690 ден,0 ден,?add-to-cart=21743,https://clevershop.mk/product/21743/
"ACER LED 19.5”, V206HQLAB, Wide",5.290 ден,0 ден,?add-to-cart=21750,https://clevershop.mk/product/acer-led-19-5-v206hqlab-wide/
"ACER LED, 21.5” V226HQLBbi",6.290 ден,0 ден,?add-to-cart=21755,https://clevershop.mk/product/acer-led-21-5-v226hqlbbi/
ACER Nitro 5 (AN515-57-53A7),51.990 ден,0 ден,?add-to-cart=21706,https://clevershop.mk/product/acer-nitro-5-an515-57-53a7/
Acer Nitro 5 (AN515-57-53AE),47.990 ден,0 ден,?add-to-cart=21716,https://clevershop.mk/product/acer-nitro-5-an515-57/
Acer Nitro 5 (AN515-57-76C9),60.990 ден,0 ден,?add-to-cart=21718,https://clevershop.mk/product/acer-nitro-5-an515-57-2/
Acer Nitro 5 Gaming AN515-45,71.990 ден,0 ден,?add-to-cart=21406,https://clevershop.mk/product/acer-nitro-5-gaming-an515-45/
Acer Nitro 5 Gaming AN515-45,66.990 ден,0 ден,?add-to-cart=21410,https://clevershop.mk/product/acer-nitro-5-gaming-an515-45-2/
Acer Nitro 5 Gaming AN517-41,73.990 ден,0 ден,?add-to-cart=21316,https://clevershop.mk/product/acer-nitro-5-gaming-an517-41/
"ACER Nitro KG272UBMIIPX, 27″ LED IPS WQHD",16.990 ден,0 ден,?add-to-cart=21758,https://clevershop.mk/product/acer-nitro-kg272ubmiipx-27-led-ips-wqhd/
Acer Nitro N50-640,64.990 ден,0 ден,?add-to-cart=21720,https://clevershop.mk/product/21720/
ACER NITRO N50-640,82.990 ден,0 ден,?add-to-cart=21726,https://clevershop.mk/product/acer-nitro-n50-640/
"ACER Nitro VG240YBMIIX, 24″ LED IPS FHD",10.490 ден,0 ден,?add-to-cart=21764,https://clevershop.mk/product/acer-nitro-vg240ybmiix-24-led-ips-fhd/
"ACER Nitro VG270BMIIX, 27″ LED IPS FHD",12.990 ден,0 ден,?add-to-cart=21771,https://clevershop.mk/product/acer-nitro-vg270bmiix-27-led-ips-fhd/
Acer Predator Helios 300 PH315-54,67.990 ден,0 ден,?add-to-cart=21392,https://clevershop.mk/product/predator-helios-300-ph315-54/
ACER Predator Helios 300 PH315-54-732Y,103.990 ден,0 ден,?add-to-cart=21403,https://clevershop.mk/product/acer-predator-helios-300-ph315-54-732y/
Acer Predator Helios 300 PH315-54-75YK,83.990 ден,0 ден,?add-to-cart=21401,https://clevershop.mk/product/acer-predator-helios-300-ph315-54-75yk/
Acer Predator Helios 300 PH315-54-945Y,96.990 ден,0 ден,?add-to-cart=21398,https://clevershop.mk/product/acer-predator-helios-300-ph315-54-945y/
Acer Predator Helios 300 PH315-54-949Y,89.990 ден,0 ден,?add-to-cart=21396,https://clevershop.mk/product/acer-predator-helios-300-ph315-54-949y/
ACER Predator Helios 300 PH317-55-962G,114.990 ден,0 ден,?add-to-cart=21412,https://clevershop.mk/product/acer-predator-helios-300-ph317-55-962g/
Acer Swift 3 SF314-43,31.990 ден,0 ден,?add-to-cart=21528,https://clevershop.mk/product/acer-swift-3-sf314-43/
Acer Swift 3 SF314-43,34.990 ден,0 ден,?add-to-cart=21536,https://clevershop.mk/product/acer-swift-3-sf314-43-2/
ACER Swift 3 SF314-511-56XT ( Silver ),29.990 ден,0 ден,?add-to-cart=20829,https://clevershop.mk/product/acer-sf314-43-r2f9-nx-ab1ex-003/
"Acer Swift 3 SF314-511-56XT, Silver",39.990 ден,0 ден,?add-to-cart=21702,https://clevershop.mk/product/acer-swift-3-sf314-511-56xt-silver/
Apple iPad 2020 32GB WiFi Space Gray,27.990 ден,0 ден,?add-to-cart=17828,https://clevershop.mk/product/apple-ipad-2020-32gb-wifi-space-gray/
Apple iPad Air (2020) 64GB 4GB RAM,39.590 ден,0 ден,?add-to-cart=18811,https://clevershop.mk/product/apple-ipad-air-2020-64gb-4gb-ram/
Apple iPad Air 2020 WIFI only 256GB blue,51.990 ден,0 ден,?add-to-cart=17834,https://clevershop.mk/product/apple-ipad-air-2020-wifi-only-256gb-blue/
Apple iPad Pro 11 (2021) 128GB 8GB RAM,63.990 ден,0 ден,?add-to-cart=21013,https://clevershop.mk/product/apple-ipad-pro-11-2021-128gb-8gb-ram/
Apple iPad Pro 12.9 (2021) 128GB 8GB RAM,91.000 ден,0 ден,?add-to-cart=18701,https://clevershop.mk/product/apple-ipad-pro-12-9-2021-128gb-8gb-ram/
Apple iPhone 11 128GB 4GB RAM,42.990 ден,0 ден,?add-to-cart=18937,https://clevershop.mk/product/apple-iphone-11-128gb-4gb-ram/
Apple iPhone 11 64GB 4GB RAM,38.990 ден,31.990 ден.,?add-to-cart=18562,https://clevershop.mk/product/apple-iphone-11/
Apple iPhone 12 128GB 4GB RAM,49.990 ден,0 ден,?add-to-cart=20023,https://clevershop.mk/product/apple-iphone-12-128gb-4gb-ram/
Apple iPhone 12 64GB 4GB RAM,39.990 ден,0 ден,?add-to-cart=18640,https://clevershop.mk/product/apple-iphone-12/
Apple iPhone 12 mini 128GB 4GB RAM,39.990 ден,0 ден,?add-to-cart=20449,https://clevershop.mk/product/apple-iphone-12-mini-128gb-4gb-ram/
Apple iPhone 13 128GB 4GB RAM,53.990 ден,47.990 ден.,?add-to-cart=18520,https://clevershop.mk/product/apple-iphone-13/
Apple iPhone 13 256GB 4GB RAM,60.190 ден,0 ден,?add-to-cart=20019,https://clevershop.mk/product/apple-iphone-13-256gb-4gb-ram/
Apple iPhone 13 mini 128GB 4GB,48.990 ден,45.990 ден.,?add-to-cart=18661,https://clevershop.mk/product/apple-iphone-13-mini/
Apple iPhone 13 Pro 128GB 6GB RAM,66.990 ден,0 ден,?add-to-cart=18526,https://clevershop.mk/product/apple-iphone-13-pro/
Apple iPhone 13 Pro 256GB 6GB RAM,78.090 ден,0 ден,?add-to-cart=20015,https://clevershop.mk/product/apple-iphone-13-pro-256gb-6gb-ram/
Apple iPhone 13 Pro Max 128GB 6GB RAM,75.990 ден,0 ден,?add-to-cart=18555,https://clevershop.mk/product/apple-iphone-13-pro-max/
Apple iPhone 13 Pro Max 256GB 6GB RAM,84.290 ден,0 ден,?add-to-cart=18924,https://clevershop.mk/product/apple-iphone-13-pro-max-256gb-6gb-ram/
Apple iPhone 14 128GB 6GB RAM,59.990 ден,54.990 ден.,?add-to-cart=22870,https://clevershop.mk/product/apple-iphone-14-128gb-6gb-ram/
Apple iPhone 14 Plus 128GB 6GB RAM,59.990 ден,0 ден,?add-to-cart=22878,https://clevershop.mk/product/apple-iphone-14-plus-128gb-6gb-ram/
Apple iPhone 14 Pro 128GB 6GB RAM,89.990 ден,79.990 ден.,?add-to-cart=22884,https://clevershop.mk/product/apple-iphone-14-pro-128gb-6gb-ram/
Apple iPhone 14 Pro Max 128GB 6GB RAM,89.990 ден,84.990 ден.,?add-to-cart=22891,https://clevershop.mk/product/apple-iphone-14-pro-max-128gb-6gb-ram/
Apple iPhone 14 Pro Max 256GB 6GB RAM,105.000 ден,96.990 ден.,?add-to-cart=23600,https://clevershop.mk/product/apple-iphone-14-pro-max-256gb-6gb-ram/
Apple iPhone SE 128GB 3GB RAM,29.690 ден,0 ден,?add-to-cart=18691,https://clevershop.mk/product/apple-iphone-se-2020-128gb-3gb-ram/
Apple iPhone SE 64GB 3GB RAM,32.990 ден,0 ден,?add-to-cart=18945,https://clevershop.mk/product/apple-iphone-se-2020-64gb-3gb-ram/
Apple Watch Series 7,28.990 ден,0 ден,?add-to-cart=19657,https://clevershop.mk/product/apple-watch-series-7/
Asus E410MA,10.990 ден,0 ден,?add-to-cart=22702,https://clevershop.mk/product/asus-e410ma/
ASUS ROG GL531GT-XS53,44.990 ден,0 ден,?add-to-cart=20931,https://clevershop.mk/product/asus-rog-gl531gt-xs53/
Asus ROG Strix G15 Advantage Edition G513,112.990 ден,0 ден,?add-to-cart=21336,https://clevershop.mk/product/asus-rog-strix-g15-advantage-edition-g513/
Asus TUF Gaming F15 FX506LH,39.990 ден,0 ден,?add-to-cart=21950,https://clevershop.mk/product/asus-tuf-gaming-f15-fx506lh/
ASUS TUF Gaming F17 FX706HEB,59.990 ден,0 ден,?add-to-cart=20967,https://clevershop.mk/product/asus-tuf-gaming-f17-fx706heb/
ASUS TUF Gaming NVIDIA GeForce RTX 3070 V2 OC Edition Video Card,75.990 ден,0 ден,?add-to-cart=17873,https://clevershop.mk/product/asus-tuf-gaming-nvidia-geforce-rtx-3070-v2-oc-edition-video-card/
"DELL 23,8″ P2421D IPS LED-backlit LCD monitor",16.590 ден,0 ден,?add-to-cart=17338,https://clevershop.mk/product/dell-238-p2421d-ips-led-backlit-lcd-monitor/
DELL AW2521HFLA 24.5″ FHD,20.490 ден,0 ден,?add-to-cart=17415,https://clevershop.mk/product/dell-aw2521hfla-24-5-fhd/
DELL AW2721D 27″ QHD 2560 x 1440,39.990 ден,0 ден,?add-to-cart=17422,https://clevershop.mk/product/dell-aw2721d-27-qhd-2560-x-1440/
DELL Curved S2422HG 23.6″ VA LED-backlit LCD,16.590 ден,0 ден,?add-to-cart=17393,https://clevershop.mk/product/dell-curved-s2422hg-23-6-va-led-backlit-lcd/
Dell G15 5511 Gaming Laptop,104.990 ден,0 ден,?add-to-cart=21340,https://clevershop.mk/product/dell-g15-5511-gaming-laptop/
DELL Monitor E2222HS  21.5″ VA,9.490 ден,0 ден,?add-to-cart=17118,https://clevershop.mk/product/dell-monitor-e2222hs-21-5-va/
"DELL Monitor E2420HS, 23.8″ IPS Led AG",11.690 ден,0 ден,?add-to-cart=17253,https://clevershop.mk/product/dell-monitor-e2420hs-23-8-ips-led-ag/
"DELL Monitor E2720H, 27.0″",11.990 ден,0 ден,?add-to-cart=17271,https://clevershop.mk/product/dell-monitor-e2720h-27-0/
DELL Monitor E2720HS 27.0″,12.290 ден,0 ден,?add-to-cart=17260,https://clevershop.mk/product/dell-monitor-e2720hs-27-0-ips-led-ag/
"DELL Monitor P2222H, 22” Full HD",12.290 ден,0 ден,?add-to-cart=17317,https://clevershop.mk/product/dell-monitor-p2222h-22-full-hd/
"DELL Monitor S2721HS, 27″, IPS LED-backlit LCD",14.490 ден,0 ден,?add-to-cart=17291,https://clevershop.mk/product/dell-monitor-s2721hs-27-ips-led-backlit-lcd/
DELL Monitor SE2422H 23.8″,8.890 ден,0 ден,?add-to-cart=17277,https://clevershop.mk/product/dell-monitor-se2422h-23-8/
"DELL Monitor SE2722H, 27″ VA LED-backlit LCD",10.990 ден,0 ден,?add-to-cart=17283,https://clevershop.mk/product/dell-monitor-se2722h-27-va-led-backlit-lcd/
"DELL Monitor Video Conferencing S2422HZ, 24″ IPS LED-backlit LCD",20.990 ден,0 ден,?add-to-cart=17301,https://clevershop.mk/product/dell-monitor-video-conferencing-s2422hz-24-ips-led-backlit-lcd/
"DELL Monitor Video Conferencing S2722DZ, 27″ IPS WLED-backlit LCD",27.590 ден,0 ден,?add-to-cart=17310,https://clevershop.mk/product/dell-monitor-video-conferencing-s2722dz-27-ips-wled-backlit-lcd/
"DELL NB Latitude 5420,11th.Gen.Intel Core i5-1145G7(4 Core,8M cache,2.6GHz to 4.4GHz,vPro),14.0″ FHD(1920×1080)AG 250nits,16GB DDR4 non-ECC Memory,512GB M.2 PCIe NVMe Class 35 SSD,Intel Iris Xe Graphics,TB4,Wi-Fi6,BT5.1,Bckl Kb,4Cell,Win10Pro,3Y",71.990 ден,0 ден,?add-to-cart=23124,https://clevershop.mk/product/dell-nb-latitude-542011th-gen-intel-core-i5-1145g74-core8m-cache2-6ghz-to-4-4ghzvpro14-0-fhd1920x1080ag-250nits16gb-ddr4-non-ecc-memory512gb-m-2-pcie-nvme-class-35-ssdintel-iris-xe-graph/
"DELL NB Latitude 5420,11th.Gen.Intel Core i5-1145G7(4 Core,8M cache,2.6GHz to 4.4GHz,vPro),14.0″ FHD(1920×1080)AG 250nits,16GB DDR4 non-ECC Memory,512GB M.2 PCIe NVMe Class 35 SSD,Intel Iris Xe Graphics,TB4,Wireless,BT5.1,Bkl Kb,FP,4Cell,Ubuntu,3Y",62.990 ден,0 ден,?add-to-cart=23132,https://clevershop.mk/product/dell-nb-latitude-542011th-gen-intel-core-i5-1145g74-core8m-cache2-6ghz-to-4-4ghzvpro14-0-fhd1920x1080ag-250nits16gb-ddr4-non-ecc-memory512gb-m-2-pcie-nvme-class-35-ssdintel-iris-xe-graph-2/
"DELL NB Latitude 5430, 12th Gen. Intel i7-1255U(10C/12T/12MB/1.7GHz to 4.7GHz), 14″ FHD(1920×1080)AG WVA 250nits, 16GB(1x16GB) DDR4 3200MHz, 512 M.2 PCIe NVMe SSD, Intel Iris Xe Graphics, AX211 WiFi6e 2×2 AX+BT 5.2, SCR, TB4, 4cell 58WHr, Ubuntu, 3Y",72.990 ден,0 ден,?add-to-cart=23091,https://clevershop.mk/product/dell-nb-latitude-5430-12th-gen-intel-i7-1255u10c-12t-12mb-1-7ghz-to-4-7ghz-14-fhd1920x1080ag-wva-250nits-16gb1x16gb-ddr4-3200mhz-512-m-2-pcie-nvme-ssd-intel-iris-xe-graphics-ax211-wifi6/
"DELL NB Latitude 5431, 12th Gen.Intel Core i7-1270P vPro(12C/16T/18MB/up to 4.8GHz), 14″ FHD (1920×1080) IPS AG 250nits, 16GB (1X16GB) DDR5 4800MHz, 512GB M.2 PCIe NVMe SSD, Intel Iris Xe Graphics,WiFi6e+BT5.2,FPR,SCR,Bckl kb,4Cell 64WHr,Win11Pro,3Y",87.990 ден,0 ден,?add-to-cart=23080,https://clevershop.mk/product/dell-nb-latitude-5431-12th-gen-intel-core-i7-1270p-vpro12c-16t-18mb-up-to-4-8ghz-14-fhd-1920x1080-ips-ag-250nits-16gb-1x16gb-ddr5-4800mhz-512gb-m-2-pcie-nvme-ssd-intel-iris-xe-graphicswi/
"DELL NB Latitude 5520, 11th.Gen.Intel Core i5-1135G7(4 Core,8M cache,2.4GHz to 4.2GHz), 15.6″ FHD(1920×1080)AG 250nits, 8GB (1X8GB) DDR4 non-ECC, 256GB M.2 PCIe NVMe Class 35 SSD, Intel Iris Xe Graphics,TB4,SCR,Wireless,BT5.1,Bkl Kb,4Cell,Ubuntu,3Y",58.490 ден,0 ден,?add-to-cart=23116,https://clevershop.mk/product/dell-nb-latitude-5520-11th-gen-intel-core-i5-1135g74-core8m-cache2-4ghz-to-4-2ghz-15-6-fhd1920x1080ag-250nits-8gb-1x8gb-ddr4-non-ecc-256gb-m-2-pcie-nvme-class-35-ssd-intel-iris-xe-graph/
"DELL NB Latitude 5520, 11th.Gen.Intel Core i5-1145G7(4 Core,8M cache,2.6GHz to 4.4GHz,vPro), 15.6″ FHD(1920×1080)AG 250nits, 16GB DDR4 non-ECC, 512GB M.2 PCIe NVMe Class 35 SSD,Intel Iris Xe Graphics,TB4,FP,SCR,Wireless,BT5.1,Bckl Kb,4Cell,Ubuntu,3Y",63.990 ден,0 ден,?add-to-cart=23107,https://clevershop.mk/product/dell-nb-latitude-5520-11th-gen-intel-core-i5-1145g74-core8m-cache2-6ghz-to-4-4ghzvpro-15-6-fhd1920x1080ag-250nits-16gb-ddr4-non-ecc-512gb-m-2-pcie-nvme-class-35-ssdintel-iris-xe-graphics-2/
"DELL NB Latitude 5520, 11th.Gen.Intel Core i5-1145G7(4 Core,8M cache,2.6GHz to 4.4GHz,vPro), 15.6″ FHD(1920×1080)AG 250nits, 16GB DDR4 non-ECC, 512GB M.2 PCIe NVMe Class 35 SSD,Intel Iris Xe Graphics,TB4,SCR,Wireless,BT5.1,Bckl Kb,4Cell,Win10Pro,3Y",71.990 ден,0 ден,?add-to-cart=23099,https://clevershop.mk/product/dell-nb-latitude-5520-11th-gen-intel-core-i5-1145g74-core8m-cache2-6ghz-to-4-4ghzvpro-15-6-fhd1920x1080ag-250nits-16gb-ddr4-non-ecc-512gb-m-2-pcie-nvme-class-35-ssdintel-iris-xe-graphics/
"DELL NB Latitude 5531, 12th Gen. Intel Core i7-12800H vPro(14C/20T/24MB/up to 4.8GHz), 15.6″ FHD (1920×1080) IPS AG 250nits, 32GB (1X32GB) DDR5 4800MHz, 512GB M.2 PCIe NVMe SSD, Intel Iris Xe Graphics, WiFi6e+BT5.2, Bckl kb, 4Cell 64WHr, Win11Pro, 3Y",101.590 ден,0 ден,?add-to-cart=23069,https://clevershop.mk/product/dell-nb-latitude-5531-12th-gen-intel-core-i7-12800h-vpro14c-20t-24mb-up-to-4-8ghz-15-6-fhd-1920x1080-ips-ag-250nits-32gb-1x32gb-ddr5-4800mhz-512gb-m-2-pcie-nvme-ssd-intel-iris-xe-graphic/
DELL P2422H 23.8″ IPS WLED-backlit LCD,13.290 ден,0 ден,?add-to-cart=17325,https://clevershop.mk/product/dell-p2422h-23-8-ips-wled-backlit-lcd/
DELL P2422HE 23.8″ IPS WLED-backlit LCD,16.590 ден,0 ден,?add-to-cart=17331,https://clevershop.mk/product/dell-p2422he-23-8-ips-wled-backlit-lcd/
DELL P2720D 27″ IPS WLED-backlit LCD monitor,18.890 ден,0 ден,?add-to-cart=17353,https://clevershop.mk/product/dell-p2720d-27-ips-wled-backlit-lcd-monitor/
DELL P2722H 27″ IPS WLED-backlit LCD monitor AG,15.999 ден,0 ден,?add-to-cart=17347,https://clevershop.mk/product/dell-p2722h-27-ips-wled-backlit-lcd-monitor-ag/
"Dell PC Optiplex 3050 MT, Intel Core i3-7100",37.490 ден,0 ден,?add-to-cart=17438,https://clevershop.mk/product/dell-pc-optiplex-3050-mt-intel-core-i3-7100/
"Dell PC OptiPlex 3080 SFF, Intel Core i5-10505",40.890 ден,0 ден,?add-to-cart=17444,https://clevershop.mk/product/dell-pc-optiplex-3080-sff-intel-core-i5-10505/
"DELL PC OptiPlex 3090 SFF, Intel Core i5-10505",41.990 ден,0 ден,?add-to-cart=23140,https://clevershop.mk/product/dell-pc-optiplex-3090-sff-intel-core-i5-10505-6-cores-12mb-12t-3-2ghz-to-4-6ghz-65w-8gb1x8gb-ddr4-256gb-m-2-pcie-nvme-class-35-ssd-intel-integrated-graphics-dvd-rw-dp-hdmi-2-0-ms116-mous/
"DELL S2421HGF 23,8″ TN LED-backlit LCD",14.490 ден,0 ден,?add-to-cart=17386,https://clevershop.mk/product/dell-s2421hgf-238-tn-led-backlit-lcd/
DELL S2522HG 24.5″ Fast IPS LED-backlit LCD,18.690 ден,0 ден,?add-to-cart=17400,https://clevershop.mk/product/dell-s2522hg-24-5-fast-ips-led-backlit-lcd/
DELL S2721HGF 27″ VA LED-backlit LCD,17.590 ден,0 ден,?add-to-cart=17407,https://clevershop.mk/product/dell-s2721hgf-27-va-led-backlit-lcd/
"DELL U2421E 24,1″ IPS LED-backlit LCD",20.490 ден,0 ден,?add-to-cart=17358,https://clevershop.mk/product/dell-u2421e-241-ips-led-backlit-lcd/
DELL U2422H 23.8″ IPS WLED-backlit LCD,16.590 ден,0 ден,?add-to-cart=17366,https://clevershop.mk/product/dell-u2422h-23-8-ips-wled-backlit-lcd/
DELL U2722D 27″ IPS LED-backlit LCD,29.990 ден,0 ден,?add-to-cart=17373,https://clevershop.mk/product/dell-u2722d-27-ips-led-backlit-lcd/
DELL Vostro 3510,43.990 ден,0 ден,?add-to-cart=21084,https://clevershop.mk/product/dell-vostro-3510/
Epson L1110 Inkjet w/ Eco Tank System (CISS),8.190 ден,0 ден,?add-to-cart=19879,https://clevershop.mk/product/epson-l1110-inkjet-w-eco-tank-system-ciss/
Epson L1300 InkJet A3+ CISS System,32.350 ден,0 ден,?add-to-cart=19983,https://clevershop.mk/product/epson-l1300-inkjet-a3-ciss-system/
Epson L14150 Inkjet A3+ MFP LAN/WiFI w/ EcoTank System (CISS),32.590 ден,0 ден,?add-to-cart=19991,https://clevershop.mk/product/epson-l14150-inkjet-a3-mfp-lan-wifi-w-ecotank-system-ciss/
Epson L15160 MFP A3+ EcoTank System,67.190 ден,0 ден,?add-to-cart=19999,https://clevershop.mk/product/epson-l15160-mfp-a3-ecotank-system/
Epson L1800 A3+ Photo CISS System,37.590 ден,0 ден,?add-to-cart=19996,https://clevershop.mk/product/epson-l1800-a3-photo-ciss-system/
Epson L3211 Inkjet w/ Eco Tank System (CISS) MFP Printer,11.390 ден,0 ден,?add-to-cart=19882,https://clevershop.mk/product/epson-l3211-inkjet-w-eco-tank-system-ciss-mfp-printer/
Epson L3251 Inkjet w/ Eco Tank System (CISS) MFP WiFi Direct,12.490 ден,0 ден,?add-to-cart=19885,https://clevershop.mk/product/epson-l3251-inkjet-w-eco-tank-system-ciss-mfp-wifi-direct/
Epson L5290 Inkjet w/ INK Tank System (CISS) MFP Fax/WiFi/LAN,17.490 ден,0 ден,?add-to-cart=19888,https://clevershop.mk/product/epson-l5290-inkjet-w-ink-tank-system-ciss-mfp-fax-wifi-lan/
EPSON L805 Inkjet Photo w/ Ink Tank System (CISS),20.990 ден,0 ден,?add-to-cart=19628,https://clevershop.mk/product/epson-l805-inkjet-photo-w-ink-tank-system-ciss/
EPSON LQ-350+ kirilica,19.590 ден,0 ден,?add-to-cart=19894,https://clevershop.mk/product/epson-lq-350-kirilica/
EPSON LX-350+ kirilica,18.990 ден,0 ден,?add-to-cart=19891,https://clevershop.mk/product/epson-lx-350-kirilica/
EVGA GeForce GT 1030 SC 2GB 64-Bit GDDR5,10.990 ден,9.990 ден.,?add-to-cart=17841,https://clevershop.mk/product/evga-geforce-gt-1030-sc-2gb-64-bit-gddr5/
Evolve III Maestro E-Book 11.6″,7.990 ден,0 ден,?add-to-cart=20308,https://clevershop.mk/product/evolve-iii-maestro-e-book-11-6/
Gateway GWNC31514,19.990 ден,0 ден,?add-to-cart=21184,https://clevershop.mk/product/gateway-gwnc31514/
Gateway GWTN156-11BK,12.990 ден,0 ден,?add-to-cart=22713,https://clevershop.mk/product/gateway-gwtn156-11bk/
Gigabyte GeForce RTX 3090 Turbo GDDR6X Graphics Card *High Hash Rate,199.900 ден,189.990 ден.,?add-to-cart=17896,https://clevershop.mk/product/gigabyte-geforce-rtx-3090-turbo-gddr6x-graphics-card-high-hash-rate/
GIGABYTE GeForce RTX™ 3080 GAMING OC 10G (rev. 2.0),117.900 ден,109.990 ден.,?add-to-cart=17886,https://clevershop.mk/product/geforce-rtx-3080-gaming-oc-10g-rev-2-0/
Google Pixel 6 128GB 8GB RAM,47.990 ден,43.990 ден.,?add-to-cart=18625,https://clevershop.mk/product/google-pixel-6/
Google Pixel 6 Pro 256GB 12GB,69.990 ден,0 ден,?add-to-cart=18630,https://clevershop.mk/product/google-pixel-6-pro-256gb-12gb/
HP 14-DQ0031,12.990 ден,0 ден,?add-to-cart=20957,https://clevershop.mk/product/hp-14-dq0031/
HP 15-DW3138NIA,28.990 ден,0 ден,?add-to-cart=21579,https://clevershop.mk/product/hp-15-dw3138nia/
HP 15-dw3142nia,40.490 ден,0 ден,?add-to-cart=21585,https://clevershop.mk/product/hp-15-dw3142nia/
HP 15s-eq2382nia,32.990 ден,0 ден,?add-to-cart=21582,https://clevershop.mk/product/hp-15s-eq2382nia/
HP 250 G8 2X7T8EA,18.990 ден,0 ден,?add-to-cart=18333,https://clevershop.mk/product/hp-250-g8-2x7t8ea/
"HP 250 G8, 2W8Z6EA",22.990 ден,0 ден,?add-to-cart=21557,https://clevershop.mk/product/hp-250-g8-2w8z6ea/
"HP 250 G8, 2X7W8EA",16.990 ден,0 ден,?add-to-cart=21548,https://clevershop.mk/product/hp-250-g8-2x7w8ea/
"HP 255 G8, 27K51EA",22.990 ден,0 ден,?add-to-cart=18512,https://clevershop.mk/product/hp-255-g8-27k51ea/
"HP 255 G8, 3V5K4EA",24.990 ден,0 ден,?add-to-cart=21565,https://clevershop.mk/product/hp-255-g8-3v5k4ea/
HP Color Laser 150a,10.580 ден,0 ден,?add-to-cart=17631,https://clevershop.mk/product/hp-printer-color-laser-150a/
HP ENVY 13-BA1053NN,55.990 ден,0 ден,?add-to-cart=21591,https://clevershop.mk/product/hp-envy-13-ba1053nn/
HP ENVY X360 13-AY1007NN,59.990 ден,0 ден,?add-to-cart=21598,https://clevershop.mk/product/hp-envy-x360-13-ay1007nn/
HP Laptop 14-dq0001dx,13.990 ден,12.490 ден.,?add-to-cart=21192,https://clevershop.mk/product/hp-laptop-14-dq0001dx/
HP LAPTOP 15S-FQ2002NIA,31.990 ден,0 ден,?add-to-cart=21572,https://clevershop.mk/product/hp-laptop-15s-fq2002nia/
HP LAPTOP 15S-FQ2003NIA,29.990 ден,0 ден,?add-to-cart=21575,https://clevershop.mk/product/hp-laptop-15s-fq2003nia/
HP Laptop 15s-fq3000na,21.990 ден,0 ден,?add-to-cart=18348,https://clevershop.mk/product/hp-laptop-15s-fq3000na/
HP Laptop 15s-fq3001na,17.990 ден,0 ден,?add-to-cart=18341,https://clevershop.mk/product/18341/
HP LaserJet Pro M404dn,15.490 ден,0 ден,?add-to-cart=17628,https://clevershop.mk/product/hp-printer-laserjet-pro-m404dn/
HP LaserJet Pro MFP M428fdw,28.790 ден,0 ден,?add-to-cart=17734,https://clevershop.mk/product/hp-printer-mfp-laserjet-pro-m428fdw/
"HP MLJ M236dw, 9YF95A мултифункциски ласерски принтер",11.990 ден,0 ден,?add-to-cart=23298,https://clevershop.mk/product/hp-mlj-m236dw-9yf95a-%d0%bc%d1%83%d0%bb%d1%82%d0%b8%d1%84%d1%83%d0%bd%d0%ba%d1%86%d0%b8%d1%81%d0%ba%d0%b8-%d0%bb%d0%b0%d1%81%d0%b5%d1%80%d1%81%d0%ba%d0%b8-%d0%bf%d1%80%d0%b8%d0%bd%d1%82%d0%b5%d1%80/
HP P24 G4 23.8″ Full HD LCD Monitor,8.190 ден,0 ден,?add-to-cart=21713,https://clevershop.mk/product/hp-p24-g4-23-8-full-hd-lcd-monitor/
HP Pav Gaming Desktop TG01,44.990 ден,0 ден,?add-to-cart=21785,https://clevershop.mk/product/hp-pav-gaming-desktop-tg01/
HP PAV X360 14-DY1000NA,60.990 ден,0 ден,?add-to-cart=21594,https://clevershop.mk/product/21594/
HP PAV X360 14-DY1005NA,46.990 ден,0 ден,?add-to-cart=21588,https://clevershop.mk/product/hp-pav-x360-14-dy1005na/
HP Pavilion Gaming Laptop 15-dk2111nia,74.490 ден,0 ден,?add-to-cart=21377,https://clevershop.mk/product/hp-pavilion-gaming-laptop-15-dk2111nia/
HP Printer Color LaserJet Pro MFP M283fdw,27.990 ден,0 ден,?add-to-cart=17741,https://clevershop.mk/product/hp-printer-color-laserjet-pro-mfp-m283fdw/
HP Printer LaserJet M211d,9.790 ден,0 ден,?add-to-cart=17638,https://clevershop.mk/product/hp-printer-laserjet-m211d/
HP Printer LaserJet M211dw,10.690 ден,0 ден,?add-to-cart=17649,https://clevershop.mk/product/hp-printer-laserjet-m211dw/
HP Printer LaserJet Pro M404dw,17.890 ден,0 ден,?add-to-cart=17658,https://clevershop.mk/product/hp-laserjet-pro-m404dw-wireless-monochrome-laser-printer-with-duplexing/
HP Smart Tank 515 Wireless All-in-One,11.490 ден,0 ден,?add-to-cart=23302,https://clevershop.mk/product/hp-smart-tank-515-wireless-all-in-one/
HP VICTUS 15-FA0031 Laptop Gaming,47.990 ден,0 ден,?add-to-cart=21199,https://clevershop.mk/product/hp-victus-15-fa0031-laptop-gaming/
HP Victus Gaming Laptop 16-e0009nia,67.990 ден,0 ден,?add-to-cart=21357,https://clevershop.mk/product/hp-victus-gaming-laptop-16-e0009nia/
HP Victus Laptop 16-d0002nia,65.490 ден,0 ден,?add-to-cart=21368,https://clevershop.mk/product/hp-victus-laptop-16-d0002nia/
HP Victus Laptop 16-e0003nia,59.990 ден,0 ден,?add-to-cart=21366,https://clevershop.mk/product/hp-victus-laptop-16-e0003nia/
Huawei P50 Pocket 256GB 8GB RAM,89.690 ден,0 ден,?add-to-cart=18790,https://clevershop.mk/product/huawei-p50-pocket-256gb-8gb-ram/
Huawei P50 Pro 256GB 8GB RAM,71.990 ден,0 ден,?add-to-cart=18794,https://clevershop.mk/product/huawei-p50-pro-256gb-8gb-ram/
Huawei Watch 3 Pro,27.990 ден,0 ден,?add-to-cart=19661,https://clevershop.mk/product/huawei-watch-3-pro/
Huawei Watch GT 3  4GB 32MB RAM,16.990 ден,0 ден,?add-to-cart=19646,https://clevershop.mk/product/huawei-watch-gt-3-4gb-32mb-ram/
Lenovo 100e Windows 2nd Gen 81M80035US 11.6″ Netbook,8.490 ден,0 ден,?add-to-cart=22697,https://clevershop.mk/product/lenovo-100e-windows-2nd-gen-81m80035us-11-6%e2%80%b3-netbook/
Lenovo 14w Gen 2,11.490 ден,0 ден,?add-to-cart=20954,https://clevershop.mk/product/lenovo-14w-gen-2/
Lenovo 3 15ITL6 Core I3-1115G4,27.990 ден,0 ден,?add-to-cart=20362,https://clevershop.mk/product/lenovo-3-15itl6-core-i3-1115g4/
Lenovo IdeaCentre 3 PC DT 3 07IAB7,23.990 ден,0 ден,?add-to-cart=21796,https://clevershop.mk/product/lenovo-ideacentre-3-pc-dt-3-07iab7/
Lenovo IdeaCentre 5 PC DT 5 07IAB7,35.990 ден,0 ден,?add-to-cart=21793,https://clevershop.mk/product/lenovo-ideacentre-5-pc-dt-5-07iab7/
Lenovo IdeaPad 3 15ALC6,37.490 ден,0 ден,?add-to-cart=21605,https://clevershop.mk/product/lenovo-ideapad-3-15alc6/
LENOVO IdeaPad 3 15ITL6,24.590 ден,0 ден,?add-to-cart=21488,https://clevershop.mk/product/lenovo-ideapad-3-15itl6/
LENOVO IdeaPad 3 15ITL6 ( GRAY ),23.990 ден,0 ден,?add-to-cart=21602,https://clevershop.mk/product/lenovo-ideapad-3-15itl6-gray/
Lenovo IdeaPad Gaming 3 15ACH6,50.990 ден,0 ден,?add-to-cart=21384,https://clevershop.mk/product/lenovo-ideapad-gaming-3-15ach6/
Lenovo IdeaPad Gaming 3 15IHU6,59.990 ден,0 ден,?add-to-cart=21370,https://clevershop.mk/product/lenovo-ideapad-gaming-3-15ihu6/
Lenovo Laptop IdeaPad 1,10.490 ден,0 ден,?add-to-cart=22707,https://clevershop.mk/product/lenovo-laptop-ideapad-1/
"LENOVO M10 (TB-X505L), WiFi/4G  GPS BT4.2, OctaCore, 10″ IPS HD 1280 x 800, 2GB, 32GB flash, 5MP cam +2MP front, MicroSD, MicroUSB, Android, Black",8.890 ден,0 ден,?add-to-cart=16551,https://clevershop.mk/product/lenovo-m10-tb-x505l-wifi-4g-gps-bt4-2-octacore-10-ips-hd-1280-x-800-2gb-32gb-flash-5mp-cam-2mp-front-microsd-microusb-android-black/
"LENOVO M10 HD (2nd Gen),WiFi  GPS BT5.0, OctaCore, 10″ IPS HD 1280 x 800, 4GB, 64GB flash, 8MP cam +5MP front, MicroSD, MicroUSB, Android, Iron Grey",9.590 ден,0 ден,?add-to-cart=16556,https://clevershop.mk/product/lenovo-m10-hd-2nd-genwifi-gps-bt5-0-octacore-10-ips-hd-1280-x-800-4gb-64gb-flash-8mp-cam-5mp-front-microsd-microusb-android-iron-grey/
"LENOVO M10 HD (2nd Gen),WiFi/4G  GPS BT5.0, OctaCore, 10″ IPS HD 1280 x 800, 4GB, 64GB flash, 8MP cam +5MP front, MicroSD, MicroUSB, Android, Iron Grey",10.880 ден,0 ден,?add-to-cart=16563,https://clevershop.mk/product/lenovo-m10-hd-2nd-genwifi-4g-gps-bt5-0-octacore-10-ips-hd-1280-x-800-4gb-64gb-flash-8mp-cam-5mp-front-microsd-microusb-android-iron-grey/
"LENOVO M8 (TB-8505X), Iron grey, WiFi, 4G LTE, GPS BT5.0, MediaTek Helio",7.490 ден,0 ден,?add-to-cart=16544,https://clevershop.mk/product/lenovo-m8-tb-8505x-iron-grey-wifi-4g-lte-gps-bt5-0-mediatek-helio/
MSGW GAMER I5-10400 GTX1660TI,53.690 ден,49.990 ден.,?add-to-cart=19868,https://clevershop.mk/product/msgw-gamer-i5-10400-gtx1660ti/
MSGW I3-10100 RX550-4GB 256GB SSD/1TB,39.290 ден,0 ден,?add-to-cart=19876,https://clevershop.mk/product/msgw-i3-10100-rx550-4gb-256gb-ssd-1tb/
MSGW i3-10105 8GB 240GB SSD WIN10Home,23.190 ден,0 ден,?add-to-cart=19858,https://clevershop.mk/product/msgw-i3-10105-8gb-240gb-ssd-win10home/
MSGW i7-11700F RX6600XT 1TB SSD 2TB HDD,89.990 ден,86.990 ден.,?add-to-cart=19873,https://clevershop.mk/product/msgw-i7-11700f-rx6600xt-1tb-ssd-2tb-hdd/
MSGW OFFICE 10100/8GB/SSD 256GB,17.490 ден,0 ден,?add-to-cart=21638,https://clevershop.mk/product/msgw-office-10100-8gb-ssd-256gb/
MSGW OFFICE 10100/8GB/SSD 256GB,16.990 ден,0 ден,?add-to-cart=21651,https://clevershop.mk/product/msgw-office-10100-8gb-ssd-256gb-2/
MSI GeForce RTX 3060 VENTUS 3X 12G OC,57.990 ден,56.990 ден.,?add-to-cart=17861,https://clevershop.mk/product/msi-geforce-rtx-3060-ventus-3x-12g-oc/
MSI GF63 Thin  Gaming,47.990 ден,0 ден,?add-to-cart=21324,https://clevershop.mk/product/msi-gf63-thin-gaming/
Nokia 106 (2018),1.490 ден,0 ден,?add-to-cart=23539,https://clevershop.mk/product/nokia-106-2018/
Nokia 150 (2020),2.490 ден,0 ден,?add-to-cart=23543,https://clevershop.mk/product/nokia-150-2020/
OnePlus 10 Pro 256GB 12GB RAM,55.990 ден,0 ден,?add-to-cart=19320,https://clevershop.mk/product/oneplus-10-pro-256gb-12gb-ram/
OnePlus 9 5G 128GB 6GB RAM,35.990 ден,0 ден,?add-to-cart=19008,https://clevershop.mk/product/oneplus-9-256gb-12gb-ram/
OnePlus 9 Pro 256GB 8GB RAM,49.990 ден,0 ден,?add-to-cart=20516,https://clevershop.mk/product/oneplus-9-pro-256gb-8gb-ram/
OnePlus Nord 256GB 12GB RAM,28.990 ден,0 ден,?add-to-cart=20533,https://clevershop.mk/product/oneplus-nord-256gb-12gb-ram/
OnePlus Nord N10 128GB 6GB RAM,23.990 ден,0 ден,?add-to-cart=20539,https://clevershop.mk/product/oneplus-nord-n10-128gb-6gb-ram/
Oukitel C19 Pro,6.290 ден,0 ден,?add-to-cart=24593,https://clevershop.mk/product/oukitel-c19-pro/
Oukitel C32,9.490 ден,0 ден,?add-to-cart=24610,https://clevershop.mk/product/oukitel-c32/
Oukitel WP20,8.490 ден,0 ден,?add-to-cart=24634,https://clevershop.mk/product/oukitel-wp20/
Oukitel WP20 Pro,9.890 ден,0 ден,?add-to-cart=24674,https://clevershop.mk/product/oukitel-wp20-pro/
PC HP OMEN 25L GT12,81.490 ден,0 ден,?add-to-cart=21788,https://clevershop.mk/product/pc-hp-omen-25l-gt12/
RAZER Blade 17 Gaming,132.990 ден,0 ден,?add-to-cart=21351,https://clevershop.mk/product/razer-blade-17-gaming/
SAMSUNG A7 LITE 32GB,11.990 ден,0 ден,?add-to-cart=17812,https://clevershop.mk/product/samsung-a7-lite-32gb/
Samsung Galaxy A03 32GB 3GB RAM,8.990 ден,8.490 ден.,?add-to-cart=19178,https://clevershop.mk/product/samsung-galaxy-a03-32gb-2gb-ram/
Samsung Galaxy A03 64GB 4GB RAM,9.490 ден,0 ден,?add-to-cart=22568,https://clevershop.mk/product/samsung-galaxy-a03-64gb-4gb-ram/
Samsung Galaxy A03 Core 32GB 2GB RAM,6.490 ден,0 ден,?add-to-cart=22562,https://clevershop.mk/product/samsung-galaxy-a03-core-32gb-2gb-ram/
Samsung Galaxy A04s,8.490 ден,0 ден,?add-to-cart=23878,https://clevershop.mk/product/samsung-galaxy-a04s/
Samsung Galaxy A12 64GB 4GB RAM,11.490 ден,0 ден,?add-to-cart=18609,https://clevershop.mk/product/samsung-galaxy-a12/
Samsung Galaxy A13 64GB 4GB RAM,14.290 ден,9.990 ден.,?add-to-cart=19060,https://clevershop.mk/product/samsung-galaxy-a13-64gb-4gb-ram/
SAMSUNG Galaxy A22 128GB 6GB RAM,18.490 ден,0 ден,?add-to-cart=18881,https://clevershop.mk/product/samsung-galaxy-a22-128gb-6gb-ram/
Samsung Galaxy A22 5G 64GB 4GB RAM,15.290 ден,11.990 ден.,?add-to-cart=18965,https://clevershop.mk/product/samsung-galaxy-a22-5g-64gb-4gb-ram/
Samsung Galaxy A23 5G 64GB 4GB RAM,12.990 ден,0 ден,?add-to-cart=23749,https://clevershop.mk/product/samsung-galaxy-a23-64gb-4gb-ram/
Samsung Galaxy A23 64GB 4GB RAM,17.690 ден,0 ден,?add-to-cart=19049,https://clevershop.mk/product/samsung-galaxy-a32-128gb-6gb-ram/
SAMSUNG Galaxy A32 128GB 4GB RAM,18.290 ден,13.990 ден.,?add-to-cart=18957,https://clevershop.mk/product/samsung-galaxy-a33-5g-128gb-6gb-ram/
Samsung Galaxy A33 5G 128GB 6GB RAM,19.490 ден,17.990 ден.,?add-to-cart=21124,https://clevershop.mk/product/samsung-galaxy-a52-128gb-6gb-ram/
Samsung Galaxy A52s 5G 128GB 6GB RAM,22.990 ден,19.990 ден.,?add-to-cart=18646,https://clevershop.mk/product/samsung-galaxy-a52s-5g/
Samsung Galaxy A53 5G 128GB 6GB RAM,21.990 ден,0 ден,?add-to-cart=19181,https://clevershop.mk/product/samsung-galaxy-a53-5g-128gb-6gb-ram/
Samsung Galaxy A53 5G 128GB 8GB RAM,29.990 ден,0 ден,?add-to-cart=19038,https://clevershop.mk/product/samsung-galaxy-a53-5g-128gb-8gb-ram/
Samsung Galaxy A72 128GB 8GB RAM,29.190 ден,26.990 ден.,?add-to-cart=18763,https://clevershop.mk/product/samsung-galaxy-a72-128gb-8gb-ram/
Samsung Galaxy M32 128GB 6GB RAM,16.890 ден,15.990 ден.,?add-to-cart=18770,https://clevershop.mk/product/samsung-galaxy-m32-128gb-6gb-ram/
Samsung Galaxy M62 256GB 8GB RAM,25.390 ден,0 ден,?add-to-cart=18972,https://clevershop.mk/product/samsung-galaxy-m62-256gb-8gb-ram/
Samsung Galaxy Note20 256GB 8GB RAM,48.990 ден,46.990 ден.,?add-to-cart=18745,https://clevershop.mk/product/samsung-galaxy-note20-256gb-8gb-ram/
Samsung Galaxy Note20 Ultra 5G 256GB 12GB RAM,59.990 ден,57.690 ден.,?add-to-cart=18754,https://clevershop.mk/product/samsung-galaxy-note20-ultra-5g-128gb-12gb-ram/
Samsung Galaxy S20 FE 128GB 6GB RAM,26.990 ден,0 ден,?add-to-cart=19156,https://clevershop.mk/product/samsung-galaxy-s20-fe-128gb-6gb-ram/
Samsung Galaxy S20 FE 5G 128GB 8GB RAM,32.490 ден,0 ден,?add-to-cart=18978,https://clevershop.mk/product/samsung-galaxy-s20-fe-5g-128gb-8gb-ram/
Samsung Galaxy S21 5G 128GB 8GB RAM,39.590 ден,0 ден,?add-to-cart=21144,https://clevershop.mk/product/samsung-galaxy-s21-5g-128gb-8gb-ram-2/
Samsung Galaxy S21 FE 5G 128GB 6GB RAM,33.990 ден,0 ден,?add-to-cart=19166,https://clevershop.mk/product/samsung-galaxy-s21-fe-5g-128gb-6gb-ram/
Samsung Galaxy S21 FE 5G 128GB 8GB RAM,38.790 ден,0 ден,?add-to-cart=18717,https://clevershop.mk/product/samsung-galaxy-s21-fe-5g-128gb-8gb-ram/
Samsung Galaxy S21 Ultra 5G 128GB 12GB RAM,60.490 ден,0 ден,?add-to-cart=18736,https://clevershop.mk/product/samsung-galaxy-s21-ultra-5g-128gb-12gb-ram/
Samsung Galaxy S21 Ultra 5G 256GB 12GB RAM,63.990 ден,0 ден,?add-to-cart=20036,https://clevershop.mk/product/samsung-galaxy-s21-ultra-5g-256gb-12gb-ram/
Samsung Galaxy S21+ 5G 128GB 8GB RAM,49.490 ден,0 ден,?add-to-cart=18727,https://clevershop.mk/product/samsung-galaxy-s21-5g-128gb-8gb-ram/
Samsung Galaxy S21+ 5G 256GB 8GB RAM,54.790 ден,0 ден,?add-to-cart=19984,https://clevershop.mk/product/samsung-galaxy-s21-5g-256gb-8gb-ram/
Samsung Galaxy S22 128GB 8GB RAM,57.990 ден,39.990 ден.,?add-to-cart=18530,https://clevershop.mk/product/samsung-galaxy-s22/
Samsung Galaxy S22 Ultra 5G 128GB 8GB RAM,59.990 ден,0 ден,?add-to-cart=23588,https://clevershop.mk/product/samsung-galaxy-s22-ultra-5g-128gb-8gb-ram/
Samsung Galaxy S22 Ultra 5G 256GB 12GB RAM,63.990 ден,0 ден,?add-to-cart=19906,https://clevershop.mk/product/samsung-galaxy-s22-ultra-5g-128gb-12gb-ram/
Samsung Galaxy S22+ 5G 256GB 8GB RAM,67.990 ден,64.990 ден.,?add-to-cart=18570,https://clevershop.mk/product/samsung-galaxy-s22-5g/
Samsung Galaxy Tab S7 FE,38.690 ден,0 ден,?add-to-cart=21838,https://clevershop.mk/product/samsung-galaxy-tab-s7-fe/
Samsung Galaxy Tab S8 Ultra 128GB 8GB RAM,76.990 ден,0 ден,?add-to-cart=20905,https://clevershop.mk/product/samsung-galaxy-tab-s8-ultra-128gb-8gb-ram/
Samsung Galaxy Watch3  8GB 1GB RAM,13.990 ден,0 ден,?add-to-cart=19638,https://clevershop.mk/product/samsung-galaxy-watch3-8gb-1gb-ram/
Samsung Galaxy Watch4,15.990 ден,0 ден,?add-to-cart=19673,https://clevershop.mk/product/samsung-galaxy-watch4/
Samsung Galaxy Z Flip3 5G 128GB 8GB RAM,49.990 ден,43.990 ден.,?add-to-cart=17530,https://clevershop.mk/product/samsung-galaxy-z-flip3-5g-8-128gb/
Samsung Galaxy Z Flip4 256 GB 8GB RAM,56.990 ден,52.990 ден.,?add-to-cart=22550,https://clevershop.mk/product/samsung-galaxy-z-flip4-128gb-8gb-ram/
Samsung Galaxy Z Fold3 5G 256GB 12GB RAM,84.990 ден,79.990 ден.,?add-to-cart=18991,https://clevershop.mk/product/samsung-galaxy-z-fold3-5g-256gb-12gb-ram/
Samsung Galaxy Z Fold4 256GB 12GB RAM,103.990 ден,85.990 ден.,?add-to-cart=22540,https://clevershop.mk/product/samsung-galaxy-z-flip4-5g-256gb-12gb-ram/
SAMSUNG M12 black  4GB/128 GB,12.990 ден,0 ден,?add-to-cart=17510,https://clevershop.mk/product/samsung-m12-black-4gb-64-gb/
Samsung S6 Lite WiFi only 128GB blue,23.990 ден,0 ден,?add-to-cart=17821,https://clevershop.mk/product/samsung-s6-lite-wifi-only-128gb-blue/
Victus 15L Gaming DT TG02,79.990 ден,0 ден,?add-to-cart=21781,https://clevershop.mk/product/victus-15l-gaming-dt-tg02-0004nh-pc/
Vivo X60 Pro 256GB 12GB RAM,36.990 ден,0 ден,?add-to-cart=19331,https://clevershop.mk/product/vivo-x60-pro/
Xiaomi 11T 128GB 8GB RAM,31.990 ден,29.990 ден.,?add-to-cart=18621,https://clevershop.mk/product/xiaomi-11t/
Xiaomi 11T Pro 128GB 8GB RAM,34.590 ден,0 ден,?add-to-cart=19097,https://clevershop.mk/product/xiaomi-11t-pro-128gb-8gb-ram/
Xiaomi 12 256GB 8GB RAM,44.990 ден,0 ден,?add-to-cart=19600,https://clevershop.mk/product/xiaomi-12-256gb-8gb-ram/
Xiaomi 12X  128GB 8GB RAM,38.990 ден,34.990 ден.,?add-to-cart=20849,https://clevershop.mk/product/xiaomi-12x-128gb-8gb-ram/
XIAOMI Black Shark 4  8GB/128GB,33.490 ден,0 ден,?add-to-cart=17568,https://clevershop.mk/product/xiaomi-black-shark-4-8gb-128gb/
Xiaomi Mi 10 5G 128GB 8GB RAM,31.990 ден,0 ден,?add-to-cart=18826,https://clevershop.mk/product/xiaomi-mi-10-5g-128gb-8gb-ram/
Xiaomi Mi 10 Lite 5G 64GB 6GB RAM,19.890 ден,0 ден,?add-to-cart=18870,https://clevershop.mk/product/xiaomi-mi-10-lite-5g-64gb-6gb-ram/
Xiaomi Mi 10T Pro 5G 256GB 8GB RAM,34.290 ден,0 ден,?add-to-cart=18851,https://clevershop.mk/product/xiaomi-mi-10t-pro-5g-256gb-8gb-ram/
Xiaomi Mi 11 Ultra 256GB 12GB RAM,61.990 ден,59.990 ден.,?add-to-cart=18616,https://clevershop.mk/product/xiaomi-mi-11-ultra/
Xiaomi Mi 9 Lite 64GB 4GB RAM,9.990 ден,0 ден,?add-to-cart=19268,https://clevershop.mk/product/xiaomi-mi-9-lite-64gb-4gb-ram/
Xiaomi Pad 5 128GB 6GB RAM,32.290 ден,0 ден,?add-to-cart=18861,https://clevershop.mk/product/xiaomi-pad-5-128gb-6gb-ram/
Xiaomi Poco F3 128GB 6GB RAM,20.990 ден,0 ден,?add-to-cart=19213,https://clevershop.mk/product/xiaomi-poco-f3-128gb-6gb-ram/
Xiaomi Poco F3 256GB 8GB RAM,26.990 ден,0 ден,?add-to-cart=18842,https://clevershop.mk/product/xiaomi-poco-f3-256gb-8gb-ram/
Xiaomi Poco M4 Pro 5G 64GB 4GB RAM,13.990 ден,12.990 ден.,?add-to-cart=20475,https://clevershop.mk/product/xiaomi-poco-m4-pro-64gb-6gb-ram/
Xiaomi Poco X3 NFC 128GB 6GB RAM,14.990 ден,0 ден,?add-to-cart=19221,https://clevershop.mk/product/xiaomi-poco-x3-nfc-128gb-6gb-ram/
Xiaomi Poco X3 Pro 128GB 6GB RAM,15.990 ден,13.990 ден.,?add-to-cart=19232,https://clevershop.mk/product/xiaomi-poco-x3-pro-128gb-6gb-ram/
Xiaomi Poco X3 Pro 128GB 8GB RAM,15.490 ден,0 ден,?add-to-cart=22773,https://clevershop.mk/product/xiaomi-poco-x3-pro-128gb-8gb-ram/
Xiaomi Redmi 9C NFC 32GB 2GB RAM,7.490 ден,0 ден,?add-to-cart=19241,https://clevershop.mk/product/xiaomi-redmi-9c-nfc-32gb-2gb-ram/
Xiaomi Redmi Note 10 128GB 6GB RAM,14.990 ден,0 ден,?add-to-cart=20468,https://clevershop.mk/product/xiaomi-redmi-note-10-128gb-6gb-ram/
Xiaomi Redmi Note 10 Pro 128GB 6GB RAM,18.990 ден,14.990 ден.,?add-to-cart=20459,https://clevershop.mk/product/xiaomi-redmi-note-10-pro-128gb-6gb-ram/
Xiaomi Redmi Note 11 64GB 4GB RAM,14.990 ден,13.990 ден.,?add-to-cart=18817,https://clevershop.mk/product/xiaomi-redmi-note-11-64gb-4gb-ram/
Xiaomi Redmi Note 11 64GB 4GB RAM,13.990 ден,0 ден,?add-to-cart=19258,https://clevershop.mk/product/xiaomi-redmi-note-11-64gb-4gb-ram-2/
Xiaomi Redmi Note 11 Pro 128GB 6GB RAM,20.990 ден,0 ден,?add-to-cart=19247,https://clevershop.mk/product/xiaomi-redmi-note-11-pro/
Xiaomi Redmi Note 11T 5G 128GB 6GB RAM,17.990 ден,0 ден,?add-to-cart=19204,https://clevershop.mk/product/xiaomi-redmi-note-11t-5g-128gb-6gb-ram/
ZOTAC GAMING GeForce GTX 1650 OC GDDR6,23.990 ден,0 ден,?add-to-cart=17849,https://clevershop.mk/product/zotac-gaming-geforce-gtx-1650-oc-gddr6/
24G2U5/BK 23.8″ IPS 75Hz 1920 x 1080,9.190 ден,0 ден,?add-to-cart=12148,https://clevershop.mk/product/24g2u5-bk-23-8-ips-1920-x-1080-75hz/
27V2Q 27″ IPS 75Hz 1920 x 1080,9.990 ден,0 ден,?add-to-cart=12153,https://clevershop.mk/product/27v2q-27-ips-1920-x-1080-75hz/
AOC 27G2U/BK 27″ IPS 144Hz 1920 x 1080,12.600 ден,0 ден,?add-to-cart=12119,https://clevershop.mk/product/aoc-27g2u-bk-27-ips-1920-x-1080-144hz/
AOC C27G2U/BK 27″ Full HD VA FreeSync Premium 165Hz Curved Gaming Monitor,12.915 ден,0 ден,?add-to-cart=12557,https://clevershop.mk/product/aoc-c27g2u-bk-27-full-hd-va-freesync-premium-165hz-curved-gaming-monitor/
AOC C27G2ZE/BK 27″ VA 240Hz 1920 x 1080,15.890 ден,0 ден,?add-to-cart=12221,https://clevershop.mk/product/aoc-c27g2ze-bk-27-ips-240hz-1920-x-1080/
AOC CQ27G2U/BK 27″ VA 144Hz 2560×1440,14.858 ден,0 ден,?add-to-cart=12260,https://clevershop.mk/product/aoc-cq27g2u-bk-27-va-144hz-2560x1440/
Bakeey Z19 SMART часовник,1.990 ден,0 ден,?add-to-cart=11274,https://clevershop.mk/product/bakeey-z19-smart-%d1%87%d0%b0%d1%81%d0%be%d0%b2%d0%bd%d0%b8%d0%ba/
"Acer Aspire 3 A317-33, NX.A6TEX.00A",26.490 ден,0 ден,?add-to-cart=17221,https://clevershop.mk/product/hp-205-g4-22-all-in-one-pc-9ug19ea/
Acer Chromebook 11 CB311-9H-C4XC NX.HKFAA.007,11.990 ден,0 ден,?add-to-cart=13124,https://clevershop.mk/product/acer-chromebook-11-cb311-9h-c4xc-nx-hkfaa-007/
Acer Nitro 5 AN515-55 NH.Q7MEX.00R,47.990 ден,0 ден,?add-to-cart=17235,https://clevershop.mk/product/acer-nitro-5-an515-55-nh-q7mex-00r/
Acer Predator Triton 500 SE PT516-51s,107.990 ден,0 ден,?add-to-cart=17241,https://clevershop.mk/product/acer-predator-triton-500-se-pt516-51s-intel-windows-10-home-intel-core-i7-11800h-24-ghz-core-8-16gb-16-wqxga-ips-ssdgb-512-m-2-pcie-nvme-nvidia-rtx-3070-8gb-802-11a-b-g-n-bluetooth-5/
"ACER Swift 1 (SF114-33-P3EE), Silver",25.990 ден,21.990 ден.,?add-to-cart=16939,https://clevershop.mk/product/notebook-acer-swift-1-sf114-33-p3ee-silver-14-fhd-ips-intel-pentium-silver-processor-n5030-8gb-ddr4-256gb-nvme-ssd-4xusb-figerprint-camera-hdmi-bt-linux/
"ACER Swift 1 (SF114-33-P629), Gold",27.990 ден,21.990 ден.,?add-to-cart=16946,https://clevershop.mk/product/acer-swift-1-sf114-33-p629-gold-14-fhd-ips-intel-pentium-silver-processor-n5030-8gb-ddr4-256gb-nvme-ssd-4xusb-figerprint-camera-hdmi-bt-linux/
"ACER SWiIFT 3, SF314-511-56XT, Silver, 14” FHD, Intel® Core™ i5-1135G7, 16G DDR4, 512GB SSD, 1xUSB Type-C / Thunderbolt™ 4, 1xUSB 3.2, Figerprint, Camera, HDMI,  BT, Linux",44.990 ден,0 ден,?add-to-cart=16978,https://clevershop.mk/product/acer-swiift-3-sf314-511-56xt-silver-14-fhd-intel-core-i5-1135g7-16g-ddr4-512gb-ssd-1xusb-type-c-thunderbolt-4-1xusb-3-2-figerprint-camera-hdmi-bt-linux/
Asus VivoBook X413JA-211.VBWB,25.990 ден,19.990 ден.,?add-to-cart=12999,https://clevershop.mk/product/asus-vivobook-x413ja-211-vbwb/
"DELL NB Latitude 5520, 11th Intel Core i5-1135G7 (4C/8T/8MB/2.4GHz), 15.6″ FHD (1920×1080) 250nits, 8GB DDR4, M.2 256GB PCIe NVMe, FPR Reader, SmartCard Reader, TB4, Cam+Mic, 4Cell 63WHr, 65W Type-C, AX201+BT5.1, WLAN/WWAN, Backlit kbd, Win10Pro, 3Y",62.690 ден,0 ден,?add-to-cart=17156,https://clevershop.mk/product/dell-nb-latitude-5520-11th-intel-core-i5-1135g7-4c-8t-8mb-2-4ghz-15-6-fhd-1920x1080-250nits-8gb-ddr4-m-2-256gb-pcie-nvme-fpr-reader-smartcard-reader-tb4-cammic-4cell-63whr-65w-type-c/
"DELL NB Vostro 3515, AMD Ryzen™ 3 3250U (2 Core,4M cache,2.6GHz to 3.5GHz), 15.6″ FHD(1920×1080) WVA AG 220 nits, 8GB(1x8GB) DDR4, 256GB M.2 PCIe NVMe SSD, Integrated graphics with AMD APU, Wi-Fi, BT5.0, Bckl Kb, 3-Cell, Ubuntu 20.04, Carbon Black,3Y",27.990 ден,0 ден,?add-to-cart=17066,https://clevershop.mk/product/dell-nb-vostro-3515-amd-ryzen-3-3250u-2-core4m-cache2-6ghz-to-3-5ghz-15-6-fhd1920x1080-wva-ag-220-nits-8gb1x8gb-ddr4-256gb-m-2-pcie-nvme-ssd-integrated-graphics-with-amd-apu-w/
"DELL NB Vostro 3515, AMD Ryzen™ 5 3450U (4 Core,4M cache,2.1GHz to 3.5GHz), 15.6″ FHD (1920×1080) WVA AG 220 nits, 8GB (1x8GB) DDR4, 512GB M.2 PCIe NVMe SSD, AMD Radeon Vega 8 Graphics, Wi-Fi, BT, 3cell 41WHr, Ubuntu 20.04, Carbon Black, 3Y",33.990 ден,0 ден,?add-to-cart=17071,https://clevershop.mk/product/dell-nb-vostro-3515-amd-ryzen-5-3450u-4-core4m-cache2-1ghz-to-3-5ghz-15-6-fhd-1920x1080-wva-ag-220-nits-8gb-1x8gb-ddr4-512gb-m-2-pcie-nvme-ssd-amd-radeon-vega-8-graphics-wi-fi/
"HP Chromebook 11A-NB0013 11.6″ 4GB 32GB Intel Celeron N3350 X2 1.1GHz Chrome OS, Ash Gray",11.990 ден,10.990 ден.,?add-to-cart=16676,https://clevershop.mk/product/hp-chromebook-11a-nb0013-11-6-4gb-32gb-intel-celeron-n3350-x2-1-1ghz-chrome-os-ash-gray/
"HP NB OMEN 15-en0011nia, Ryzen 5-4600H hexa, 15.6” FHD Antiglare ultraslim IPS 144Hz Narrow Border, 8GB DDR4 2DM 3200, 512GB PCIe SSD, Nvidia GeForce 1650Ti 4GB, Win10 Home, Mica Silver, 3Y",65.390 ден,0 ден,?add-to-cart=17202,https://clevershop.mk/product/hp-nb-omen-15-en0011nia-ryzen-5-4600h-hexa-15-6-fhd-antiglare-ultraslim-ips-144hz-narrow-border-8gb-ddr4-2dm-3200-512gb-pcie-ssd-nvidia-geforce-1650ti-4gb-win10-home-mica-silver-3y/
"Tablet PC, Veidoo 10 Inch Android Tablet, 10.1 inch IPS Screen, Dual Camera, WiFi/GPS/OTG/Bluetooth, 3G Phone Call Dual SIM Card Slots, 2GB RAM, 32GB Storage, 5000mAh Battery",5.990 ден,5.290 ден.,?add-to-cart=13085,https://clevershop.mk/product/tablet-pc-veidoo-10-inch-android-tablet-10-1-inch-ips-screen-dual-camera-wifi-gps-otg-bluetooth-3g-phone-call-dual-sim-card-slots-2gb-ram-32gb-storage-5000mah-battery/
FS200 Mini Portable SSD – USB3.1,999 ден,0 ден,https://clevershop.mk/product/fs200-mini-portable-ssd-usb3-1/,https://clevershop.mk/product/fs200-mini-portable-ssd-usb3-1/
G2590FX 24.5″ TN 144Hz 1920 x 1080,11.490 ден,0 ден,?add-to-cart=12166,https://clevershop.mk/product/g2590fx-24-5-tn-1920-x-1080-144hz/
HP 27″ 3WL54AA QHD 144 Hz 2560 x 1440,21.090 ден,0 ден,?add-to-cart=12311,https://clevershop.mk/product/hp-27%e2%80%b3-3wl54aa-qhd-144-hz-2560-x-1440/
"HP OMEN X gaming display 25″, 4WH47AA",17.990 ден,0 ден,?add-to-cart=12413,https://clevershop.mk/product/hp-omen-x-gaming-display-25-4wh47aa/
Lemfo LEM1995 SMART женска бразлетна,1.990 ден,0 ден,?add-to-cart=11279,https://clevershop.mk/product/lemfo-lem1995-smart-%d0%b6%d0%b5%d0%bd%d1%81%d0%ba%d0%b0-%d0%b1%d1%80%d0%b0%d0%b7%d0%bb%d0%b5%d1%82%d0%bd%d0%b0/
LG 27” QHD Ergo IPS Monitor with USB Type-C™,23.990 ден,0 ден,?add-to-cart=12561,https://clevershop.mk/product/lg-27-qhd-ergo-ips-monitor-with-usb-type-c/
MON 15.6 AOC I1601FWUX,10.990 ден,0 ден,?add-to-cart=12599,https://clevershop.mk/product/mon-15-6-aoc-i1601fwux/
MON 24 ASUS VG249Q FHD IPS Gaming 144Hz HDMI DP FreeSync,14.990 ден,0 ден,?add-to-cart=12590,https://clevershop.mk/product/mon-24-asus-vg249q-fhd-ips-gaming-144hz-hdmi-dp-freesync/
"Acer ED270R 27″ Black 1920 x 1080 Widescreen 16:9 165Hz Refresh Rate AMD FreeSync Premium Technology, 2x HDMI, DisplayPort Curved LED Gaming Monitor",14.390 ден,0 ден,?add-to-cart=17058,https://clevershop.mk/product/acer-ed270r-27-black-1920-x-1080-widescreen-169-165hz-refresh-rate-amd-freesync-premium-technology-2x-hdmi-displayport-curved-led-gaming-monitor/
"Acer ED323QUR Abidpx 31.5 Inches WQHD (2560 x 1440) Curved 1800R VA Gaming Monitor with AMD Radeon FREESYNC Technology – 4ms; 144Hz Refresh Rate; Display Port, HDMI Port & DVI Port, Black",21.290 ден,0 ден,?add-to-cart=17043,https://clevershop.mk/product/acer-ed323qur-abidpx-31-5-inches-wqhd-2560-x-1440-curved-1800r-va-gaming-monitor-with-amd-radeon-freesync-technology-4ms-144hz-refresh-rate-display-port-hdmi-port-dvi-port-black/
"Acer Nitro VG271U Pbmiipx 27″ WQHD (2560 x 1440) IPS AMD Radeon FREESYNC Gaming Monitor, 144Hz, VESA Certified Display HDR400, DCI-P3, (2 x HDMI 2.0 Ports & 1 x Display Port), Black",19.790 ден,0 ден,?add-to-cart=17035,https://clevershop.mk/product/acer-nitro-vg271u-pbmiipx-27-wqhd-2560-x-1440-ips-amd-radeon-freesync-gaming-monitor-144hz-vesa-certified-display-hdr400-dci-p3-2-x-hdmi-2-0-ports-1-x-display-port-black/
"ACER Nitro VG272SBMIIPX, 27″ LED IPS FHD, 165Hz, min 0,5ms (GtoG) 2x2W speakers Black",14.390 ден,0 ден,?add-to-cart=17003,https://clevershop.mk/product/acer-nitro-vg272sbmiipx-27-led-ips-fhd-165hz-min-05ms-gtog-2x2w-speakers-black/
"ACER Nitro XV240Y Pbmiiprx 23.8″ LED IPS FHD, 165Hz, min 0,1ms (GtoG), 1000:1, 250nits",12.890 ден,0 ден,?add-to-cart=17051,https://clevershop.mk/product/acer-nitro-xv240y-pbmiiprx-23-8-led-ips-fhd-165hz-min-01ms-gtog-10001-250nits/
"ACER Nitro XV252QZBMIIPRX 24.5″ LED IPS FHD, up to 280Hz, min 0,5ms (GtoG) 1000:1 400nits HDMI DP Height adj. Pivot  Black",18.790 ден,0 ден,?add-to-cart=17011,https://clevershop.mk/product/acer-nitro-xv252qzbmiiprx-24-5-led-ips-fhd-up-to-280hz-min-05ms-gtog-10001-400nits-hdmi-dp-height-adj-pivot-black/
"ACER R270SI  27” LED IPS FHD, ZeroFrame, 1ms VRB, Flicker-less,1000:1, 250nits, HDMI, Black",9.890 ден,0 ден,?add-to-cart=17019,https://clevershop.mk/product/acer-r270si-27-led-ips-fhd-zeroframe-1ms-vrb-flicker-less10001-250nits-hdmi-black/
"ACER V277BIP 27” LED IPS FHD, ZeroFrame, 4ms, Flicker-less,1000:1, 250nits, HDMI, DP, Black",9.390 ден,0 ден,?add-to-cart=17026,https://clevershop.mk/product/acer-v277bip-27-led-ips-fhd-zeroframe-4ms-flicker-less10001-250nits-hdmi-dp-black/
MON 27 AOC AG273QCX,27.190 ден,0 ден,?add-to-cart=12646,https://clevershop.mk/product/mon-15-6-aoc-i1601fwux-copy/
MON 27 LG 27GN850-B QHD IPS 1MS 144HZ HDMI,29.990 ден,0 ден,?add-to-cart=12543,https://clevershop.mk/product/mon-27-lg-27gn850-b-qhd-ips-1ms-144hz-hdmi/
MON 27 Philips 272B7QUPBEB/00 with USB-C Dock,20.590 ден,0 ден,?add-to-cart=12619,https://clevershop.mk/product/mon-27-philips-272b7qupbeb-00-with-usb-c-dock/
MON 27 Philips 272V8A/00,10.590 ден,0 ден,?add-to-cart=12638,https://clevershop.mk/product/mon-27-philips-272v8a-00/
Monitor 27 Philips 272E1GAJ/00 VA 1ms 144Hz,12.890 ден,0 ден,?add-to-cart=12618,https://clevershop.mk/product/monitor-27-philips-272e1gaj-00-va-1ms-144hz/
Philips 24″ 243V7QDSB,8.390 ден,0 ден,?add-to-cart=12396,https://clevershop.mk/product/philips-24%e2%80%b3-243v7qdsb/
Philips 27″ 278E1A/00 4K UHD IPS,18.990 ден,0 ден,?add-to-cart=12218,https://clevershop.mk/product/hp-27%e2%80%b3-278e1a-00-4k-uhd-ips/
Philips 279C9-00 MON LED 27″ 3840 x 2160 5Ms 60Hz 4K UHD,26.990 ден,0 ден,?add-to-cart=12578,https://clevershop.mk/product/philips-279c9-00-mon-led-27-3840-x-2160-5ms-60hz-4k-uhd/
